Unnamed: 0,Sales,CompPrice,Income,Advertising,Population,Price,ShelveLoc,Age,Education,Urban,US,HighSales,Nivel Ventas
0,9.5,131100.0,69350000.0,10450000.0,276,114000.0,Bad,42,17,Yes,Yes,1,Ventas Altas
1,11.22,105450.0,45600000.0,15200000.0,260,78850.0,Good,65,10,Yes,Yes,1,Ventas Altas
2,10.06,107350.0,33250000.0,9500000.0,269,76000.0,Medium,59,12,Yes,Yes,1,Ventas Altas
3,7.4,111150.0,95000000.0,3800000.0,466,92150.0,Medium,55,14,Yes,Yes,0,Ventas Bajas
4,4.15,133950.0,60800000.0,2850000.0,340,121600.0,Bad,38,13,Yes,No,0,Ventas Bajas
5,10.81,117800.0,107350000.0,12350000.0,501,68400.0,Bad,78,16,No,Yes,1,Ventas Altas
6,6.63,109250.0,99750000.0,0.0,45,102600.0,Medium,71,15,Yes,No,0,Ventas Bajas
7,11.85,129200.0,76950000.0,14250000.0,425,114000.0,Good,67,10,Yes,Yes,1,Ventas Altas
8,6.54,125400.0,104500000.0,0.0,108,117800.0,Medium,76,10,No,No,0,Ventas Bajas
9,4.69,125400.0,107350000.0,0.0,131,117800.0,Medium,76,17,No,Yes,0,Ventas Bajas
10,9.01,114950.0,74100000.0,8550000.0,150,95000.0,Bad,26,10,No,Yes,1,Ventas Altas
11,11.96,111150.0,89300000.0,3800000.0,503,89300.0,Good,50,13,Yes,Yes,1,Ventas Altas
12,3.98,115900.0,33250000.0,1900000.0,393,129200.0,Medium,62,18,Yes,No,0,Ventas Bajas
13,10.96,109250.0,26600000.0,10450000.0,29,81700.0,Good,53,18,Yes,Yes,1,Ventas Altas
14,11.17,101650.0,111150000.0,10450000.0,148,112100.0,Good,52,18,Yes,Yes,1,Ventas Altas
15,8.71,141550.0,90250000.0,4750000.0,400,136800.0,Medium,76,18,No,No,1,Ventas Altas
16,7.58,112100.0,30400000.0,0.0,284,104500.0,Good,63,13,Yes,No,0,Ventas Bajas
17,12.29,139650.0,70300000.0,12350000.0,251,124450.0,Good,52,10,Yes,Yes,1,Ventas Altas
18,13.91,104500.0,104500000.0,0.0,408,64600.0,Good,46,17,No,Yes,1,Ventas Altas
19,8.73,122550.0,72200000.0,15200000.0,58,114950.0,Medium,69,12,Yes,Yes,1,Ventas Altas
20,6.41,118750.0,85500000.0,1900000.0,367,124450.0,Medium,35,18,Yes,Yes,0,Ventas Bajas
21,12.13,127300.0,27550000.0,11400000.0,239,103550.0,Good,62,18,No,Yes,1,Ventas Altas
22,5.08,121600.0,43700000.0,5700000.0,497,131100.0,Medium,42,13,Yes,No,0,Ventas Bajas
23,5.87,114950.0,29450000.0,0.0,292,103550.0,Medium,79,10,Yes,No,0,Ventas Bajas
24,10.14,137750.0,113050000.0,15200000.0,294,107350.0,Bad,42,12,Yes,Yes,1,Ventas Altas
25,14.9,132050.0,30400000.0,0.0,176,77900.0,Good,54,11,No,No,1,Ventas Altas
26,8.33,101650.0,109250000.0,10450000.0,496,124450.0,Good,50,11,No,Yes,1,Ventas Altas
27,5.27,93100.0,112100000.0,0.0,19,101650.0,Medium,64,17,Yes,No,0,Ventas Bajas
28,2.99,97850.0,70300000.0,0.0,359,92150.0,Bad,55,11,Yes,Yes,0,Ventas Bajas
29,7.81,98800.0,94050000.0,14250000.0,226,96900.0,Bad,58,17,Yes,Yes,0,Ventas Bajas
30,13.55,118750.0,89300000.0,0.0,447,84550.0,Good,30,12,Yes,No,1,Ventas Altas
31,8.25,129200.0,55100000.0,15200000.0,241,124450.0,Medium,44,18,Yes,Yes,1,Ventas Altas
32,6.2,101650.0,30400000.0,11400000.0,236,130150.0,Good,64,10,No,Yes,0,Ventas Bajas
33,8.77,108300.0,36100000.0,12350000.0,317,121600.0,Good,50,16,Yes,Yes,1,Ventas Altas
34,2.67,109250.0,51300000.0,0.0,406,121600.0,Medium,42,17,Yes,Yes,0,Ventas Bajas
35,11.07,124450.0,79800000.0,10450000.0,29,91200.0,Medium,44,17,No,Yes,1,Ventas Altas
36,8.89,115900.0,72200000.0,0.0,270,95000.0,Good,60,18,No,No,1,Ventas Altas
37,4.95,114950.0,38950000.0,4750000.0,412,104500.0,Medium,54,10,Yes,Yes,0,Ventas Bajas
38,6.59,103550.0,69350000.0,0.0,454,96900.0,Medium,65,15,Yes,No,0,Ventas Bajas
39,3.24,123500.0,57000000.0,0.0,144,131100.0,Bad,38,10,No,No,0,Ventas Bajas
40,2.07,113050.0,93100000.0,0.0,18,119700.0,Bad,73,17,No,No,0,Ventas Bajas
41,7.96,149150.0,50350000.0,0.0,403,117800.0,Bad,58,16,Yes,No,0,Ventas Bajas
42,10.43,73150.0,65550000.0,0.0,25,22800.0,Medium,50,18,Yes,No,1,Ventas Altas
43,4.12,116850.0,39900000.0,10450000.0,16,127300.0,Medium,59,13,Yes,Yes,0,Ventas Bajas
44,4.16,80750.0,75050000.0,5700000.0,325,90250.0,Medium,69,13,Yes,Yes,0,Ventas Bajas
45,4.56,133950.0,59850000.0,0.0,168,128250.0,Bad,44,12,Yes,Yes,0,Ventas Bajas
46,12.44,120650.0,85500000.0,13300000.0,16,66500.0,Medium,48,15,No,Yes,1,Ventas Altas
47,4.38,119700.0,93100000.0,0.0,173,102600.0,Bad,55,16,Yes,No,0,Ventas Bajas
48,3.91,110200.0,49400000.0,0.0,349,93100.0,Bad,69,18,Yes,No,0,Ventas Bajas
49,10.61,149150.0,88350000.0,0.0,51,141550.0,Good,32,17,Yes,No,1,Ventas Altas
50,1.42,94050.0,30400000.0,17100000.0,341,102600.0,Bad,80,16,Yes,Yes,0,Ventas Bajas
51,4.42,114950.0,85500000.0,0.0,150,102600.0,Bad,75,16,Yes,No,0,Ventas Bajas
52,7.91,145350.0,38000000.0,2850000.0,112,122550.0,Bad,39,18,Yes,Yes,0,Ventas Bajas
53,6.92,103550.0,60800000.0,12350000.0,39,113050.0,Medium,61,17,Yes,Yes,0,Ventas Bajas
54,4.9,127300.0,97850000.0,12350000.0,25,136800.0,Medium,76,17,No,Yes,0,Ventas Bajas
55,6.85,135850.0,76950000.0,4750000.0,60,146300.0,Medium,61,18,Yes,Yes,0,Ventas Bajas
56,11.91,126350.0,77900000.0,0.0,54,79800.0,Medium,50,17,Yes,No,1,Ventas Altas
57,0.91,88350.0,86450000.0,0.0,22,111150.0,Bad,75,11,Yes,No,0,Ventas Bajas
58,5.42,97850.0,88350000.0,14250000.0,188,97850.0,Bad,74,16,Yes,Yes,0,Ventas Bajas
59,5.21,112100.0,67450000.0,3800000.0,148,108300.0,Medium,80,13,Yes,No,0,Ventas Bajas
60,8.32,115900.0,96900000.0,18050000.0,469,116850.0,Bad,29,13,Yes,Yes,1,Ventas Altas
61,7.32,99750.0,30400000.0,0.0,358,101650.0,Medium,26,13,No,No,0,Ventas Bajas
62,1.82,132050.0,42750000.0,0.0,146,126350.0,Bad,77,17,Yes,Yes,0,Ventas Bajas
63,8.47,113050.0,83600000.0,9500000.0,170,95950.0,Medium,61,13,Yes,Yes,1,Ventas Altas
64,7.8,95000.0,63650000.0,11400000.0,184,98800.0,Medium,32,16,No,Yes,0,Ventas Bajas
65,4.9,115900.0,24700000.0,0.0,197,121600.0,Medium,55,13,No,No,0,Ventas Bajas
66,8.85,120650.0,87400000.0,0.0,508,86450.0,Medium,56,18,Yes,No,1,Ventas Altas
67,9.01,119700.0,57950000.0,13300000.0,152,109250.0,Medium,47,16,Yes,Yes,1,Ventas Altas
68,13.39,141550.0,65550000.0,19000000.0,366,127300.0,Good,60,13,Yes,Yes,1,Ventas Altas
69,7.99,120650.0,56050000.0,0.0,339,94050.0,Medium,65,12,Yes,No,0,Ventas Bajas
70,9.46,84550.0,76950000.0,14250000.0,237,94050.0,Good,74,12,Yes,Yes,1,Ventas Altas
71,6.5,140600.0,48450000.0,15200000.0,148,142500.0,Medium,58,17,No,Yes,0,Ventas Bajas
72,5.52,109250.0,42750000.0,0.0,432,110200.0,Medium,25,15,Yes,No,0,Ventas Bajas
73,12.61,112100.0,85500000.0,9500000.0,54,98800.0,Good,31,11,No,Yes,1,Ventas Altas
74,6.2,142500.0,64600000.0,4750000.0,125,129200.0,Medium,64,13,No,Yes,0,Ventas Bajas
75,8.55,83600.0,105450000.0,21850000.0,480,87400.0,Bad,36,16,No,Yes,1,Ventas Altas
76,10.64,96900.0,82650000.0,9500000.0,346,66500.0,Medium,64,15,Yes,Yes,1,Ventas Altas
77,7.7,112100.0,67450000.0,11400000.0,44,84550.0,Medium,67,18,No,Yes,0,Ventas Bajas
78,4.43,127300.0,45600000.0,950000.0,139,137750.0,Medium,65,12,Yes,Yes,0,Ventas Bajas
79,9.14,127300.0,63650000.0,0.0,286,85500.0,Bad,41,13,Yes,No,1,Ventas Altas
80,8.01,107350.0,95000000.0,15200000.0,353,75050.0,Bad,68,11,Yes,Yes,1,Ventas Altas
81,7.52,110200.0,68400000.0,0.0,237,121600.0,Good,70,13,Yes,No,0,Ventas Bajas
82,11.62,143450.0,78850000.0,3800000.0,325,132050.0,Good,28,17,Yes,Yes,1,Ventas Altas
83,4.42,103550.0,34200000.0,6650000.0,468,89300.0,Bad,56,11,Yes,Yes,0,Ventas Bajas
84,2.23,105450.0,23750000.0,0.0,52,114950.0,Bad,43,18,No,No,0,Ventas Bajas
85,8.47,118750.0,97850000.0,0.0,304,106400.0,Medium,49,13,No,No,1,Ventas Altas
86,8.7,142500.0,79800000.0,8550000.0,432,127300.0,Medium,64,15,Yes,No,1,Ventas Altas
87,11.7,124450.0,63650000.0,6650000.0,272,119700.0,Good,54,16,No,Yes,1,Ventas Altas
88,6.56,111150.0,39900000.0,6650000.0,144,105450.0,Medium,62,10,Yes,Yes,0,Ventas Bajas
89,7.95,121600.0,62700000.0,2850000.0,493,113050.0,Medium,45,16,No,No,0,Ventas Bajas
90,5.33,109250.0,20900000.0,0.0,491,97850.0,Medium,64,11,No,No,0,Ventas Bajas
91,4.81,92150.0,43700000.0,10450000.0,267,101650.0,Medium,80,15,Yes,Yes,0,Ventas Bajas
92,4.53,108300.0,107350000.0,0.0,97,118750.0,Medium,29,12,Yes,No,0,Ventas Bajas
93,8.86,137750.0,28500000.0,0.0,67,98800.0,Medium,55,17,Yes,No,1,Ventas Altas
94,8.39,109250.0,92150000.0,4750000.0,134,79800.0,Bad,55,11,Yes,Yes,1,Ventas Altas
95,5.58,127300.0,23750000.0,9500000.0,237,140600.0,Medium,59,13,Yes,Yes,0,Ventas Bajas
96,9.48,139650.0,39900000.0,9500000.0,407,125400.0,Good,73,16,No,Yes,1,Ventas Altas
97,7.45,152950.0,77900000.0,4750000.0,287,122550.0,Bad,33,16,Yes,Yes,0,Ventas Bajas
98,12.49,115900.0,73150000.0,22800000.0,382,120650.0,Good,36,16,No,Yes,1,Ventas Altas
99,4.88,114950.0,44650000.0,2850000.0,220,101650.0,Bad,56,16,No,Yes,0,Ventas Bajas
100,4.11,107350.0,65550000.0,10450000.0,94,100700.0,Medium,76,12,No,Yes,0,Ventas Bajas
101,6.2,121600.0,88350000.0,0.0,89,112100.0,Medium,34,18,Yes,No,0,Ventas Bajas
102,5.3,107350.0,20900000.0,0.0,57,92150.0,Medium,65,16,No,No,0,Ventas Bajas
103,5.07,116850.0,86450000.0,0.0,334,91200.0,Bad,78,17,Yes,Yes,0,Ventas Bajas
104,4.62,114950.0,91200000.0,0.0,472,131100.0,Medium,51,12,Yes,No,0,Ventas Bajas
105,5.55,98800.0,95000000.0,7600000.0,398,92150.0,Medium,61,11,Yes,Yes,0,Ventas Bajas
106,0.16,96900.0,31350000.0,0.0,217,132050.0,Medium,70,18,No,No,0,Ventas Bajas
107,8.55,127300.0,101650000.0,0.0,104,102600.0,Medium,60,12,Yes,No,1,Ventas Altas
108,3.47,101650.0,75050000.0,1900000.0,488,97850.0,Bad,65,16,Yes,No,0,Ventas Bajas
109,8.98,109250.0,61750000.0,0.0,217,85500.0,Medium,60,17,No,No,1,Ventas Altas
110,9.0,121600.0,58900000.0,6650000.0,125,110200.0,Medium,43,14,Yes,Yes,1,Ventas Altas
111,6.62,125400.0,112100000.0,11400000.0,272,143450.0,Medium,43,14,Yes,Yes,0,Ventas Bajas
112,6.67,110200.0,94050000.0,4750000.0,298,118750.0,Good,62,12,Yes,Yes,0,Ventas Bajas
113,6.01,124450.0,27550000.0,10450000.0,335,120650.0,Bad,33,12,Yes,Yes,0,Ventas Bajas
114,9.31,115900.0,82650000.0,8550000.0,17,100700.0,Medium,65,13,Yes,Yes,1,Ventas Altas
115,8.54,132050.0,33250000.0,0.0,95,122550.0,Medium,42,13,Yes,No,1,Ventas Altas
116,5.08,128250.0,71250000.0,0.0,202,121600.0,Medium,80,10,No,No,0,Ventas Bajas
117,8.8,137750.0,50350000.0,0.0,507,113050.0,Medium,41,12,Yes,No,1,Ventas Altas
118,7.57,106400.0,83600000.0,1900000.0,243,94050.0,Medium,62,11,Yes,Yes,0,Ventas Bajas
119,7.37,123500.0,89300000.0,7600000.0,137,121600.0,Medium,64,12,Yes,Yes,0,Ventas Bajas
120,6.87,121600.0,99750000.0,10450000.0,249,124450.0,Medium,63,13,Yes,Yes,0,Ventas Bajas
121,11.67,118750.0,84550000.0,9500000.0,380,82650.0,Bad,28,10,Yes,Yes,1,Ventas Altas
122,6.88,113050.0,95000000.0,4750000.0,45,102600.0,Medium,75,10,Yes,Yes,0,Ventas Bajas
123,8.19,120650.0,97850000.0,0.0,125,147250.0,Good,29,15,No,Yes,1,Ventas Altas
124,8.87,124450.0,107350000.0,0.0,181,114000.0,Good,63,14,Yes,No,1,Ventas Altas
125,9.34,84550.0,74100000.0,0.0,181,46550.0,Medium,43,15,No,No,1,Ventas Altas
126,11.27,145350.0,64600000.0,1900000.0,60,126350.0,Good,59,16,Yes,Yes,1,Ventas Altas
127,6.52,118750.0,45600000.0,2850000.0,192,110200.0,Medium,51,14,Yes,Yes,0,Ventas Bajas
128,4.96,126350.0,95000000.0,2850000.0,350,119700.0,Bad,55,13,Yes,Yes,0,Ventas Bajas
129,4.47,135850.0,114000000.0,6650000.0,279,139650.0,Bad,40,10,No,Yes,0,Ventas Bajas
130,8.41,89300.0,79800000.0,12350000.0,497,73150.0,Medium,51,12,Yes,Yes,1,Ventas Altas
131,6.5,102600.0,65550000.0,2850000.0,208,89300.0,Medium,77,16,Yes,No,0,Ventas Bajas
132,9.54,118750.0,82650000.0,8550000.0,232,129200.0,Good,72,10,Yes,Yes,1,Ventas Altas
133,7.62,125400.0,93100000.0,1900000.0,265,92150.0,Bad,62,12,Yes,Yes,0,Ventas Bajas
134,3.67,125400.0,29450000.0,0.0,327,124450.0,Medium,76,16,Yes,No,0,Ventas Bajas
135,6.44,91200.0,89300000.0,13300000.0,384,114000.0,Medium,36,18,No,Yes,0,Ventas Bajas
136,5.17,124450.0,71250000.0,0.0,10,114000.0,Bad,31,18,No,No,0,Ventas Bajas
137,6.52,121600.0,39900000.0,0.0,436,112100.0,Medium,80,11,Yes,No,0,Ventas Bajas
138,10.27,118750.0,97850000.0,11400000.0,371,103550.0,Medium,44,10,Yes,Yes,1,Ventas Altas
139,12.3,138700.0,58900000.0,9500000.0,310,89300.0,Medium,30,13,No,Yes,1,Ventas Altas
140,6.03,126350.0,57000000.0,9500000.0,277,122550.0,Medium,45,18,Yes,Yes,0,Ventas Bajas
141,6.53,133000.0,39900000.0,0.0,331,124450.0,Bad,28,15,Yes,No,0,Ventas Bajas
142,7.44,117800.0,79800000.0,0.0,300,98800.0,Medium,77,15,Yes,No,0,Ventas Bajas
143,0.53,115900.0,83600000.0,6650000.0,36,151050.0,Bad,28,17,Yes,Yes,0,Ventas Bajas
144,9.09,125400.0,64600000.0,0.0,264,116850.0,Good,34,11,No,No,1,Ventas Altas
145,8.77,136800.0,59850000.0,10450000.0,27,111150.0,Medium,47,17,Yes,Yes,1,Ventas Altas
146,3.9,108300.0,78850000.0,0.0,412,124450.0,Bad,39,14,Yes,No,0,Ventas Bajas
147,10.51,133000.0,51300000.0,8550000.0,402,113050.0,Good,41,16,No,Yes,1,Ventas Altas
148,7.56,104500.0,113050000.0,0.0,384,92150.0,Medium,72,14,No,Yes,0,Ventas Bajas
149,11.48,114950.0,114000000.0,12350000.0,140,82650.0,Medium,56,11,Yes,Yes,1,Ventas Altas
150,10.49,115900.0,79800000.0,7600000.0,176,108300.0,Good,57,10,No,Yes,1,Ventas Altas
151,10.77,105450.0,55100000.0,16150000.0,407,97850.0,Good,75,17,No,Yes,1,Ventas Altas
152,7.64,121600.0,74100000.0,0.0,341,121600.0,Good,45,13,No,No,0,Ventas Bajas
153,5.93,142500.0,34200000.0,6650000.0,488,142500.0,Medium,25,17,No,Yes,0,Ventas Bajas
154,6.89,122550.0,65550000.0,9500000.0,289,104500.0,Medium,50,16,No,Yes,0,Ventas Bajas
155,7.71,93100.0,68400000.0,0.0,59,65550.0,Medium,65,16,Yes,No,0,Ventas Bajas
156,7.49,138700.0,32300000.0,0.0,220,149150.0,Good,51,16,Yes,No,0,Ventas Bajas
157,10.21,114950.0,55100000.0,7600000.0,249,85500.0,Medium,48,13,No,Yes,1,Ventas Altas
158,12.53,134900.0,85500000.0,950000.0,189,106400.0,Good,39,10,No,Yes,1,Ventas Altas
159,9.32,113050.0,57000000.0,0.0,372,66500.0,Bad,30,18,No,No,1,Ventas Altas
160,4.67,105450.0,26600000.0,0.0,486,105450.0,Medium,29,12,No,No,0,Ventas Bajas
161,2.93,135850.0,19950000.0,4750000.0,81,152000.0,Medium,67,12,No,Yes,0,Ventas Bajas
162,3.63,115900.0,70300000.0,0.0,424,141550.0,Medium,51,13,Yes,No,0,Ventas Bajas
163,5.68,123500.0,60800000.0,0.0,40,100700.0,Bad,39,17,No,No,0,Ventas Bajas
164,8.22,140600.0,60800000.0,0.0,58,133950.0,Medium,27,13,No,Yes,1,Ventas Altas
165,0.37,139650.0,55100000.0,6650000.0,100,181450.0,Bad,27,15,Yes,Yes,0,Ventas Bajas
166,6.71,113050.0,63650000.0,16150000.0,151,130150.0,Medium,55,11,Yes,Yes,0,Ventas Bajas
167,6.71,100700.0,69350000.0,0.0,216,88350.0,Medium,60,13,Yes,No,0,Ventas Bajas
168,7.3,122550.0,84550000.0,0.0,425,111150.0,Medium,45,10,Yes,No,0,Ventas Bajas
169,11.48,98800.0,38950000.0,14250000.0,492,73150.0,Good,73,18,Yes,Yes,1,Ventas Altas
170,8.01,121600.0,37050000.0,11400000.0,356,112100.0,Medium,71,10,Yes,Yes,1,Ventas Altas
171,12.49,88350.0,100700000.0,11400000.0,416,52250.0,Medium,75,15,Yes,Yes,1,Ventas Altas
172,9.03,98800.0,96900000.0,12350000.0,123,104500.0,Good,35,16,Yes,Yes,1,Ventas Altas
173,6.38,128250.0,86450000.0,4750000.0,207,121600.0,Medium,66,18,Yes,Yes,0,Ventas Bajas
174,0.0,132050.0,22800000.0,0.0,358,175750.0,Medium,79,15,No,No,0,Ventas Bajas
175,7.54,109250.0,84550000.0,0.0,38,115900.0,Medium,25,12,Yes,No,0,Ventas Bajas
176,5.61,131100.0,101650000.0,8550000.0,480,146300.0,Medium,47,11,No,Yes,0,Ventas Bajas
177,10.48,131100.0,68400000.0,0.0,148,89300.0,Medium,27,17,Yes,Yes,1,Ventas Altas
178,10.66,98800.0,67450000.0,13300000.0,89,76950.0,Medium,25,14,No,Yes,1,Ventas Altas
179,7.78,136800.0,23750000.0,2850000.0,70,110200.0,Medium,77,18,Yes,Yes,0,Ventas Bajas
180,4.94,130150.0,106400000.0,14250000.0,434,141550.0,Bad,66,13,Yes,Yes,0,Ventas Bajas
181,7.43,114950.0,78850000.0,0.0,79,86450.0,Medium,68,11,Yes,No,0,Ventas Bajas
182,4.74,130150.0,57000000.0,3800000.0,230,133000.0,Bad,25,13,Yes,No,0,Ventas Bajas
183,5.32,112100.0,70300000.0,5700000.0,426,96900.0,Medium,80,18,Yes,Yes,0,Ventas Bajas
184,9.95,125400.0,31350000.0,6650000.0,35,92150.0,Medium,60,11,No,Yes,1,Ventas Altas
185,10.07,123500.0,95000000.0,10450000.0,449,101650.0,Medium,64,10,Yes,Yes,1,Ventas Altas
186,8.68,114000.0,48450000.0,0.0,93,81700.0,Medium,46,17,No,No,1,Ventas Altas
187,6.03,111150.0,30400000.0,0.0,142,91200.0,Bad,62,17,Yes,No,0,Ventas Bajas
188,8.07,110200.0,35150000.0,0.0,426,85500.0,Medium,76,15,Yes,No,1,Ventas Altas
189,12.11,112100.0,111150000.0,17100000.0,509,98800.0,Medium,26,15,No,Yes,1,Ventas Altas
190,8.79,123500.0,35150000.0,12350000.0,297,95950.0,Medium,37,13,No,Yes,1,Ventas Altas
191,6.67,148200.0,39900000.0,12350000.0,170,164350.0,Good,74,14,Yes,Yes,0,Ventas Bajas
192,7.56,102600.0,24700000.0,0.0,408,88350.0,Medium,56,14,No,No,0,Ventas Bajas
193,13.28,132050.0,66500000.0,6650000.0,71,91200.0,Good,61,10,Yes,Yes,1,Ventas Altas
194,7.23,106400.0,93100000.0,17100000.0,481,121600.0,Medium,45,11,Yes,Yes,0,Ventas Bajas
195,4.19,111150.0,88350000.0,3800000.0,420,106400.0,Bad,66,11,Yes,Yes,0,Ventas Bajas
196,4.1,123500.0,26600000.0,5700000.0,410,126350.0,Bad,72,16,Yes,Yes,0,Ventas Bajas
197,2.52,117800.0,57950000.0,0.0,333,131100.0,Medium,76,16,Yes,No,0,Ventas Bajas
198,3.62,106400.0,76000000.0,4750000.0,500,121600.0,Medium,69,10,Yes,Yes,0,Ventas Bajas
199,6.42,115900.0,83600000.0,4750000.0,335,119700.0,Medium,64,14,Yes,Yes,0,Ventas Bajas
200,5.56,136800.0,87400000.0,0.0,349,138700.0,Medium,62,12,No,No,0,Ventas Bajas
201,5.94,131100.0,78850000.0,0.0,139,127300.0,Medium,54,18,Yes,No,0,Ventas Bajas
202,4.1,114950.0,74100000.0,3800000.0,413,123500.0,Bad,46,10,No,Yes,0,Ventas Bajas
203,2.05,124450.0,77900000.0,0.0,132,149150.0,Bad,25,14,Yes,No,0,Ventas Bajas
204,8.74,147250.0,76000000.0,0.0,237,117800.0,Medium,37,14,Yes,No,1,Ventas Altas
205,5.68,107350.0,20900000.0,950000.0,317,125400.0,Medium,28,12,Yes,No,0,Ventas Bajas
206,4.97,153900.0,63650000.0,0.0,27,152000.0,Medium,77,17,Yes,Yes,0,Ventas Bajas
207,8.19,105450.0,99750000.0,0.0,466,92150.0,Bad,61,10,No,No,1,Ventas Altas
208,7.78,81700.0,51300000.0,0.0,497,60800.0,Bad,33,12,Yes,No,0,Ventas Bajas
209,3.02,93100.0,19950000.0,10450000.0,326,85500.0,Bad,76,11,No,Yes,0,Ventas Bajas
210,4.36,118750.0,38950000.0,1900000.0,357,116850.0,Bad,47,14,No,Yes,0,Ventas Bajas
211,9.39,111150.0,112100000.0,13300000.0,445,114000.0,Medium,32,15,Yes,Yes,1,Ventas Altas
212,12.04,137750.0,65550000.0,18050000.0,501,99750.0,Medium,45,11,Yes,Yes,1,Ventas Altas
213,8.23,141550.0,79800000.0,4750000.0,220,132050.0,Medium,33,10,Yes,Yes,1,Ventas Altas
214,4.83,109250.0,109250000.0,2850000.0,48,101650.0,Medium,73,18,Yes,Yes,0,Ventas Bajas
215,2.34,110200.0,78850000.0,14250000.0,170,136800.0,Bad,71,11,Yes,Yes,0,Ventas Bajas
216,5.73,133950.0,31350000.0,0.0,243,136800.0,Medium,34,17,Yes,No,0,Ventas Bajas
217,4.34,100700.0,41800000.0,0.0,481,105450.0,Medium,70,14,No,No,0,Ventas Bajas
218,9.7,131100.0,57950000.0,11400000.0,156,114000.0,Medium,25,14,Yes,Yes,1,Ventas Altas
219,10.62,110200.0,75050000.0,18050000.0,359,110200.0,Good,58,17,Yes,Yes,1,Ventas Altas
220,10.59,124450.0,114000000.0,14250000.0,262,117800.0,Medium,30,10,Yes,Yes,1,Ventas Altas
221,6.43,117800.0,41800000.0,0.0,125,101650.0,Medium,80,11,Yes,No,0,Ventas Bajas
222,7.49,129200.0,113050000.0,5700000.0,178,137750.0,Medium,35,13,Yes,Yes,0,Ventas Bajas
223,3.45,104500.0,42750000.0,8550000.0,276,118750.0,Medium,62,14,Yes,Yes,0,Ventas Bajas
224,4.1,127300.0,77900000.0,0.0,464,133950.0,Medium,48,13,No,No,0,Ventas Bajas
225,6.68,101650.0,23750000.0,0.0,412,77900.0,Bad,36,14,Yes,No,0,Ventas Bajas
226,7.8,113050.0,31350000.0,0.0,245,115900.0,Good,56,14,Yes,No,0,Ventas Bajas
227,8.69,107350.0,60800000.0,9500000.0,68,95950.0,Medium,57,16,Yes,Yes,1,Ventas Altas
228,5.4,141550.0,69350000.0,12350000.0,381,154850.0,Bad,26,11,No,Yes,0,Ventas Bajas
229,11.19,93100.0,98800000.0,0.0,404,68400.0,Medium,27,18,No,No,1,Ventas Altas
230,5.16,109250.0,57000000.0,0.0,119,108300.0,Bad,38,14,No,No,0,Ventas Bajas
231,8.09,125400.0,65550000.0,0.0,123,115900.0,Medium,27,11,No,No,1,Ventas Altas
232,13.14,130150.0,76000000.0,9500000.0,24,99750.0,Good,61,15,Yes,Yes,1,Ventas Altas
233,8.65,116850.0,72200000.0,17100000.0,218,114000.0,Medium,29,14,No,Yes,1,Ventas Altas
234,9.43,109250.0,58900000.0,10450000.0,289,122550.0,Good,56,16,No,Yes,1,Ventas Altas
235,5.53,119700.0,30400000.0,7600000.0,95,125400.0,Medium,50,17,Yes,Yes,0,Ventas Bajas
236,9.32,133950.0,32300000.0,15200000.0,361,102600.0,Medium,69,10,Yes,Yes,1,Ventas Altas
237,9.62,143450.0,26600000.0,7600000.0,499,128250.0,Medium,48,10,Yes,Yes,1,Ventas Altas
238,7.36,114950.0,22800000.0,0.0,200,126350.0,Good,73,13,Yes,No,0,Ventas Bajas
239,3.89,116850.0,99750000.0,0.0,149,112100.0,Bad,62,16,Yes,Yes,0,Ventas Bajas
240,10.31,151050.0,76000000.0,0.0,362,114950.0,Medium,26,18,Yes,No,1,Ventas Altas
241,12.01,129200.0,59850000.0,0.0,160,89300.0,Medium,38,12,Yes,No,1,Ventas Altas
242,4.68,117800.0,43700000.0,0.0,199,128250.0,Medium,52,14,No,No,0,Ventas Bajas
243,7.82,117800.0,23750000.0,12350000.0,87,104500.0,Medium,57,10,Yes,Yes,0,Ventas Bajas
244,8.78,123500.0,28500000.0,0.0,391,95000.0,Medium,26,18,Yes,No,1,Ventas Altas
245,10.0,108300.0,40850000.0,0.0,199,83600.0,Good,57,10,No,Yes,1,Ventas Altas
246,6.9,114000.0,53200000.0,19000000.0,266,85500.0,Bad,78,18,Yes,Yes,0,Ventas Bajas
247,5.04,116850.0,108300000.0,0.0,298,143450.0,Bad,34,16,Yes,No,0,Ventas Bajas
248,5.36,105450.0,49400000.0,0.0,12,95950.0,Medium,61,11,Yes,Yes,0,Ventas Bajas
249,5.05,118750.0,63650000.0,0.0,86,111150.0,Bad,65,11,Yes,No,0,Ventas Bajas
250,9.16,130150.0,99750000.0,9500000.0,435,148200.0,Good,72,14,Yes,Yes,1,Ventas Altas
251,3.72,132050.0,105450000.0,4750000.0,310,125400.0,Bad,62,13,Yes,Yes,0,Ventas Bajas
252,8.31,126350.0,92150000.0,0.0,70,111150.0,Medium,32,16,Yes,No,1,Ventas Altas
253,5.64,117800.0,22800000.0,4750000.0,288,115900.0,Medium,57,12,No,Yes,0,Ventas Bajas
254,9.58,102600.0,98800000.0,21850000.0,353,122550.0,Good,37,17,Yes,Yes,1,Ventas Altas
255,7.71,116850.0,76950000.0,7600000.0,198,76950.0,Bad,80,15,Yes,Yes,0,Ventas Bajas
256,4.2,139650.0,38000000.0,0.0,277,136800.0,Medium,73,10,Yes,No,0,Ventas Bajas
257,8.67,118750.0,58900000.0,13300000.0,477,106400.0,Medium,80,13,Yes,Yes,1,Ventas Altas
258,3.47,102600.0,36100000.0,0.0,251,76950.0,Bad,72,14,No,No,0,Ventas Bajas
259,5.12,116850.0,34200000.0,9500000.0,467,95000.0,Bad,74,11,No,Yes,0,Ventas Bajas
260,7.67,122550.0,111150000.0,7600000.0,400,95950.0,Bad,36,10,Yes,Yes,0,Ventas Bajas
261,5.71,114950.0,39900000.0,3800000.0,188,112100.0,Medium,54,15,Yes,Yes,0,Ventas Bajas
262,6.37,114000.0,73150000.0,14250000.0,86,125400.0,Medium,48,18,Yes,Yes,0,Ventas Bajas
263,7.77,110200.0,24700000.0,5700000.0,434,109250.0,Medium,25,17,Yes,Yes,0,Ventas Bajas
264,6.95,121600.0,27550000.0,4750000.0,324,151050.0,Good,31,15,Yes,Yes,0,Ventas Bajas
265,5.31,123500.0,33250000.0,9500000.0,402,122550.0,Bad,39,17,Yes,Yes,0,Ventas Bajas
266,9.1,121600.0,88350000.0,11400000.0,343,106400.0,Good,73,17,No,Yes,1,Ventas Altas
267,5.83,127300.0,77900000.0,6650000.0,473,106400.0,Bad,51,12,No,Yes,0,Ventas Bajas
268,6.53,116850.0,54150000.0,0.0,66,99750.0,Medium,39,11,Yes,No,0,Ventas Bajas
269,5.01,151050.0,65550000.0,0.0,438,157700.0,Medium,46,17,Yes,No,0,Ventas Bajas
270,11.99,113050.0,24700000.0,0.0,284,84550.0,Good,26,10,Yes,No,1,Ventas Altas
271,4.55,105450.0,53200000.0,0.0,504,104500.0,Medium,62,16,Yes,No,0,Ventas Bajas
272,12.98,107350.0,31350000.0,0.0,14,59850.0,Good,38,12,Yes,No,1,Ventas Altas
273,10.04,110200.0,100700000.0,7600000.0,244,81700.0,Medium,58,12,Yes,Yes,1,Ventas Altas
274,7.22,128250.0,88350000.0,1900000.0,67,113050.0,Medium,34,11,Yes,Yes,0,Ventas Bajas
275,6.67,101650.0,113050000.0,10450000.0,210,125400.0,Medium,53,11,Yes,Yes,0,Ventas Bajas
276,6.93,128250.0,65550000.0,13300000.0,296,123500.0,Medium,73,15,Yes,Yes,0,Ventas Bajas
277,7.8,129200.0,45600000.0,11400000.0,326,118750.0,Medium,36,16,Yes,Yes,0,Ventas Bajas
278,7.22,108300.0,107350000.0,1900000.0,129,143450.0,Good,40,15,No,Yes,0,Ventas Bajas
279,3.42,133950.0,54150000.0,12350000.0,376,150100.0,Medium,64,18,Yes,Yes,0,Ventas Bajas
280,2.86,114950.0,81700000.0,9500000.0,496,137750.0,Bad,51,10,Yes,Yes,0,Ventas Bajas
281,11.19,115900.0,65550000.0,6650000.0,303,99750.0,Good,45,16,No,Yes,1,Ventas Altas
282,7.74,142500.0,91200000.0,0.0,80,146300.0,Good,61,11,Yes,No,0,Ventas Bajas
283,5.36,128250.0,104500000.0,0.0,112,111150.0,Medium,80,16,No,No,0,Ventas Bajas
284,6.97,100700.0,43700000.0,10450000.0,414,91200.0,Bad,79,17,No,No,0,Ventas Bajas
285,7.6,138700.0,24700000.0,10450000.0,261,124450.0,Medium,39,10,Yes,Yes,0,Ventas Bajas
286,7.53,111150.0,112100000.0,10450000.0,429,107350.0,Medium,67,18,No,Yes,0,Ventas Bajas
287,6.88,90250.0,41800000.0,3800000.0,208,68400.0,Bad,44,17,Yes,Yes,0,Ventas Bajas
288,6.98,110200.0,38000000.0,0.0,74,92150.0,Medium,76,15,No,No,0,Ventas Bajas
289,8.75,135850.0,73150000.0,23750000.0,448,148200.0,Medium,43,17,Yes,Yes,1,Ventas Altas
290,9.49,101650.0,105450000.0,13300000.0,400,97850.0,Medium,41,11,No,Yes,1,Ventas Altas
291,6.64,112100.0,66500000.0,0.0,106,84550.0,Bad,39,17,Yes,No,0,Ventas Bajas
292,11.82,107350.0,62700000.0,15200000.0,322,70300.0,Good,76,15,Yes,Yes,1,Ventas Altas
293,11.28,116850.0,79800000.0,0.0,74,84550.0,Good,59,10,Yes,No,1,Ventas Altas
294,12.66,140600.0,72200000.0,2850000.0,126,94050.0,Good,60,11,Yes,Yes,1,Ventas Altas
295,4.21,112100.0,33250000.0,13300000.0,502,130150.0,Medium,79,10,No,Yes,0,Ventas Bajas
296,8.21,120650.0,41800000.0,12350000.0,160,116850.0,Good,63,18,Yes,Yes,1,Ventas Altas
297,3.07,112100.0,78850000.0,12350000.0,276,98800.0,Bad,75,10,Yes,Yes,0,Ventas Bajas
298,10.98,140600.0,59850000.0,0.0,312,123500.0,Good,63,15,Yes,No,1,Ventas Altas
299,9.4,128250.0,38000000.0,16150000.0,497,91200.0,Medium,54,17,No,Yes,1,Ventas Altas
300,8.57,110200.0,74100000.0,950000.0,158,94050.0,Medium,45,11,Yes,Yes,1,Ventas Altas
301,7.41,94050.0,88350000.0,0.0,198,82650.0,Medium,57,16,Yes,Yes,0,Ventas Bajas
302,5.28,102600.0,73150000.0,12350000.0,388,104500.0,Bad,74,14,Yes,Yes,0,Ventas Bajas
303,10.01,126350.0,49400000.0,15200000.0,290,94050.0,Medium,43,11,Yes,Yes,1,Ventas Altas
304,11.93,116850.0,93100000.0,11400000.0,408,127300.0,Good,29,10,Yes,Yes,1,Ventas Altas
305,8.03,109250.0,27550000.0,24700000.0,394,125400.0,Medium,33,13,Yes,Yes,1,Ventas Altas
306,4.78,124450.0,30400000.0,950000.0,85,126350.0,Medium,48,12,Yes,Yes,0,Ventas Bajas
307,5.9,131100.0,87400000.0,0.0,13,114000.0,Bad,61,12,Yes,No,0,Ventas Bajas
308,9.24,119700.0,76000000.0,18050000.0,436,119700.0,Medium,52,10,Yes,Yes,1,Ventas Altas
309,11.18,124450.0,105450000.0,12350000.0,33,76000.0,Bad,68,18,Yes,Yes,1,Ventas Altas
310,9.53,166250.0,61750000.0,27550000.0,419,157700.0,Medium,53,12,Yes,Yes,1,Ventas Altas
311,6.15,138700.0,64600000.0,11400000.0,328,125400.0,Bad,51,14,Yes,Yes,0,Ventas Bajas
312,6.8,130150.0,111150000.0,4750000.0,337,128250.0,Bad,38,10,Yes,Yes,0,Ventas Bajas
313,9.33,97850.0,76950000.0,2850000.0,491,51300.0,Medium,66,13,Yes,No,1,Ventas Altas
314,7.72,126350.0,31350000.0,9500000.0,333,122550.0,Good,71,14,Yes,Yes,0,Ventas Bajas
315,6.39,124450.0,19950000.0,7600000.0,220,162450.0,Good,29,14,Yes,Yes,0,Ventas Bajas
316,15.63,115900.0,34200000.0,4750000.0,369,68400.0,Good,35,10,Yes,Yes,1,Ventas Altas
317,6.41,134900.0,28500000.0,0.0,472,129200.0,Good,80,15,No,No,0,Ventas Bajas
318,10.08,110200.0,68400000.0,9500000.0,456,123500.0,Good,41,14,No,Yes,1,Ventas Altas
319,6.97,120650.0,42750000.0,18050000.0,459,122550.0,Medium,57,11,No,Yes,0,Ventas Bajas
320,5.86,129200.0,66500000.0,11400000.0,171,144400.0,Medium,44,18,Yes,Yes,0,Ventas Bajas
321,7.52,116850.0,37050000.0,4750000.0,499,93100.0,Medium,34,15,Yes,No,0,Ventas Bajas
322,9.16,133000.0,47500000.0,9500000.0,300,132050.0,Good,60,15,Yes,Yes,1,Ventas Altas
323,10.36,101650.0,99750000.0,17100000.0,428,97850.0,Medium,34,12,Yes,Yes,1,Ventas Altas
324,2.66,129200.0,61750000.0,3800000.0,133,142500.0,Bad,53,13,Yes,Yes,0,Ventas Bajas
325,11.7,136800.0,65550000.0,10450000.0,131,98800.0,Medium,47,11,Yes,Yes,1,Ventas Altas
326,4.69,126350.0,28500000.0,0.0,152,115900.0,Medium,53,17,Yes,No,0,Ventas Bajas
327,6.23,106400.0,36100000.0,16150000.0,316,98800.0,Medium,80,16,Yes,Yes,0,Ventas Bajas
328,3.15,111150.0,62700000.0,950000.0,65,105450.0,Bad,55,11,Yes,Yes,0,Ventas Bajas
329,11.27,95000.0,51300000.0,8550000.0,433,84550.0,Good,45,12,Yes,Yes,1,Ventas Altas
330,4.99,115900.0,56050000.0,0.0,501,106400.0,Bad,32,14,No,No,0,Ventas Bajas
331,10.1,128250.0,59850000.0,14250000.0,213,127300.0,Medium,32,10,Yes,Yes,1,Ventas Altas
332,5.74,100700.0,31350000.0,19000000.0,354,98800.0,Medium,61,12,Yes,Yes,0,Ventas Bajas
333,5.87,129200.0,57000000.0,6650000.0,303,139650.0,Medium,41,10,Yes,Yes,0,Ventas Bajas
334,7.63,88350.0,111150000.0,8550000.0,489,78850.0,Bad,42,13,Yes,Yes,0,Ventas Bajas
335,6.18,114000.0,66500000.0,14250000.0,464,104500.0,Medium,72,15,Yes,Yes,0,Ventas Bajas
336,5.17,131100.0,33250000.0,5700000.0,60,135850.0,Bad,28,18,Yes,No,0,Ventas Bajas
337,8.61,123500.0,36100000.0,0.0,283,96900.0,Medium,80,15,Yes,No,1,Ventas Altas
338,5.97,106400.0,22800000.0,0.0,164,95950.0,Medium,45,11,Yes,No,0,Ventas Bajas
339,11.54,127300.0,41800000.0,3800000.0,219,119700.0,Good,44,15,Yes,Yes,1,Ventas Altas
340,7.5,133000.0,27550000.0,0.0,105,86450.0,Bad,43,16,Yes,No,0,Ventas Bajas
341,7.38,93100.0,114000000.0,0.0,268,88350.0,Medium,72,10,No,No,0,Ventas Bajas
342,7.81,130150.0,96900000.0,12350000.0,422,112100.0,Medium,71,10,No,Yes,0,Ventas Bajas
343,5.99,111150.0,39900000.0,9500000.0,371,114950.0,Bad,26,14,Yes,Yes,0,Ventas Bajas
344,8.43,131100.0,76000000.0,0.0,108,119700.0,Good,70,13,No,Yes,1,Ventas Altas
345,4.81,114950.0,64600000.0,0.0,279,141550.0,Good,79,12,Yes,No,0,Ventas Bajas
346,8.97,125400.0,101650000.0,0.0,144,118750.0,Medium,33,13,No,No,1,Ventas Altas
347,6.88,91200.0,37050000.0,0.0,161,106400.0,Good,27,14,No,No,0,Ventas Bajas
348,12.57,125400.0,96900000.0,19000000.0,459,101650.0,Good,49,11,Yes,Yes,1,Ventas Altas
349,9.32,127300.0,25650000.0,17100000.0,467,91200.0,Medium,49,14,No,Yes,1,Ventas Altas
350,8.64,105450.0,95950000.0,16150000.0,266,86450.0,Medium,63,17,No,Yes,1,Ventas Altas
351,10.44,117800.0,109250000.0,15200000.0,458,99750.0,Medium,62,16,No,Yes,1,Ventas Altas
352,13.44,126350.0,97850000.0,13300000.0,288,115900.0,Good,61,17,Yes,Yes,1,Ventas Altas
353,9.45,101650.0,63650000.0,11400000.0,430,87400.0,Medium,35,12,No,Yes,1,Ventas Altas
354,5.3,126350.0,29450000.0,950000.0,80,137750.0,Medium,42,18,Yes,Yes,0,Ventas Bajas
355,7.02,123500.0,95000000.0,0.0,306,138700.0,Good,42,11,Yes,No,0,Ventas Bajas
356,3.58,134900.0,103550000.0,0.0,111,155800.0,Good,72,12,Yes,No,0,Ventas Bajas
357,13.36,97850.0,69350000.0,2850000.0,276,68400.0,Medium,34,15,Yes,Yes,1,Ventas Altas
358,4.17,116850.0,91200000.0,9500000.0,71,112100.0,Bad,69,11,Yes,Yes,0,Ventas Bajas
359,3.13,123500.0,58900000.0,10450000.0,396,123500.0,Bad,66,14,Yes,Yes,0,Ventas Bajas
360,8.77,112100.0,81700000.0,6650000.0,265,108300.0,Good,52,15,No,Yes,1,Ventas Altas
361,8.68,124450.0,23750000.0,9500000.0,183,98800.0,Medium,56,15,No,Yes,1,Ventas Altas
362,5.25,124450.0,52250000.0,0.0,26,104500.0,Bad,79,12,Yes,Yes,0,Ventas Bajas
363,10.26,105450.0,71250000.0,950000.0,377,102600.0,Good,25,12,Yes,No,1,Ventas Altas
364,10.5,115900.0,19950000.0,15200000.0,488,124450.0,Good,30,14,Yes,Yes,1,Ventas Altas
365,6.53,146300.0,28500000.0,0.0,122,153900.0,Medium,57,17,No,No,0,Ventas Bajas
366,5.98,117800.0,53200000.0,10450000.0,447,127300.0,Medium,53,12,No,Yes,0,Ventas Bajas
367,14.37,90250.0,100700000.0,0.0,256,50350.0,Good,52,17,Yes,No,1,Ventas Altas
368,10.71,103550.0,20900000.0,9500000.0,348,75050.0,Good,74,14,No,Yes,1,Ventas Altas
369,10.26,128250.0,95000000.0,20900000.0,463,115900.0,Medium,36,14,Yes,Yes,1,Ventas Altas
370,7.68,119700.0,38950000.0,20900000.0,403,113050.0,Bad,42,12,Yes,Yes,0,Ventas Bajas
371,9.08,144400.0,76950000.0,0.0,191,119700.0,Medium,54,16,Yes,No,1,Ventas Altas
372,7.8,114950.0,47500000.0,0.0,508,93100.0,Medium,65,11,No,No,0,Ventas Bajas
373,5.58,130150.0,67450000.0,0.0,402,110200.0,Medium,78,17,Yes,No,0,Ventas Bajas
374,9.44,124450.0,44650000.0,6650000.0,90,112100.0,Medium,47,12,Yes,Yes,1,Ventas Altas
375,7.9,125400.0,43700000.0,3800000.0,206,117800.0,Medium,73,11,Yes,No,0,Ventas Bajas
376,16.27,133950.0,57000000.0,18050000.0,319,87400.0,Good,44,11,Yes,Yes,1,Ventas Altas
377,6.81,125400.0,57950000.0,0.0,263,118750.0,Medium,41,12,No,No,0,Ventas Bajas
378,6.11,126350.0,83600000.0,2850000.0,105,113050.0,Medium,79,12,Yes,Yes,0,Ventas Bajas
379,5.81,118750.0,105450000.0,0.0,404,101650.0,Bad,54,15,Yes,No,0,Ventas Bajas
380,9.64,100700.0,60800000.0,9500000.0,17,84550.0,Medium,68,17,Yes,Yes,1,Ventas Altas
381,3.9,117800.0,61750000.0,19950000.0,496,143450.0,Bad,77,13,Yes,Yes,0,Ventas Bajas
382,4.95,114950.0,26600000.0,18050000.0,315,114950.0,Medium,66,14,Yes,Yes,0,Ventas Bajas
383,9.35,93100.0,111150000.0,0.0,76,64600.0,Medium,63,10,Yes,No,1,Ventas Altas
384,12.85,116850.0,35150000.0,14250000.0,348,106400.0,Good,28,12,Yes,Yes,1,Ventas Altas
385,5.87,124450.0,69350000.0,12350000.0,455,125400.0,Medium,62,17,Yes,Yes,0,Ventas Bajas
386,5.32,144400.0,110200000.0,0.0,170,152000.0,Medium,39,16,Yes,No,0,Ventas Bajas
387,8.67,134900.0,69350000.0,13300000.0,238,109250.0,Medium,73,14,No,Yes,1,Ventas Altas
388,8.14,128250.0,84550000.0,10450000.0,245,74100.0,Bad,79,16,Yes,Yes,1,Ventas Altas
389,8.44,121600.0,39900000.0,7600000.0,328,101650.0,Medium,35,12,Yes,Yes,1,Ventas Altas
390,5.47,102600.0,71250000.0,8550000.0,61,105450.0,Medium,67,12,Yes,Yes,0,Ventas Bajas
391,6.1,145350.0,59850000.0,0.0,49,117800.0,Bad,56,16,Yes,No,0,Ventas Bajas
392,4.53,122550.0,39900000.0,12350000.0,315,123500.0,Bad,34,13,Yes,Yes,0,Ventas Bajas
393,5.57,103550.0,48450000.0,9500000.0,26,114000.0,Medium,30,17,No,Yes,0,Ventas Bajas
394,5.35,123500.0,55100000.0,18050000.0,366,132050.0,Bad,33,16,Yes,Yes,0,Ventas Bajas
395,12.57,131100.0,102600000.0,16150000.0,203,121600.0,Good,33,14,Yes,Yes,1,Ventas Altas
396,6.14,132050.0,21850000.0,2850000.0,37,114000.0,Medium,55,11,No,Yes,0,Ventas Bajas
397,7.41,153900.0,24700000.0,11400000.0,368,151050.0,Medium,40,18,Yes,Yes,0,Ventas Bajas
398,5.94,95000.0,75050000.0,6650000.0,284,90250.0,Bad,50,12,Yes,Yes,0,Ventas Bajas
399,9.71,127300.0,35150000.0,0.0,27,114000.0,Good,49,16,Yes,Yes,1,Ventas Altas
